-- phpMyAdmin SQL Dump
-- version 5.2.1
-- https://www.phpmyadmin.net/
--
-- Máy chủ: 127.0.0.1
-- Thời gian đã tạo: Th6 03, 2024 lúc 05:02 PM
-- Phiên bản máy phục vụ: 10.4.32-MariaDB
-- Phiên bản PHP: 8.2.12

SET SQL_MODE = "NO_AUTO_VALUE_ON_ZERO";
START TRANSACTION;
SET time_zone = "+00:00";


/*!40101 SET @OLD_CHARACTER_SET_CLIENT=@@CHARACTER_SET_CLIENT */;
/*!40101 SET @OLD_CHARACTER_SET_RESULTS=@@CHARACTER_SET_RESULTS */;
/*!40101 SET @OLD_COLLATION_CONNECTION=@@COLLATION_CONNECTION */;
/*!40101 SET NAMES utf8mb4 */;

--
-- Cơ sở dữ liệu: `thayhon`
--

-- --------------------------------------------------------

--
-- Cấu trúc bảng cho bảng `hanghoa`
--

CREATE TABLE `hanghoa` (
  `mahang` varchar(4) NOT NULL COMMENT 'Mã hàng',
  `tenhang` varchar(40) NOT NULL COMMENT 'Tên hàng',
  `mansx` varchar(2) NOT NULL COMMENT 'Mã nhà SX',
  `namsx` int(11) NOT NULL COMMENT 'Năm sản xuất',
  `gia` int(11) NOT NULL COMMENT 'Giá bán'
) ENGINE=InnoDB DEFAULT CHARSET=utf8 COLLATE=utf8_unicode_ci;

--
-- Đang đổ dữ liệu cho bảng `hanghoa`
--

INSERT INTO `hanghoa` (`mahang`, `tenhang`, `mansx`, `namsx`, `gia`) VALUES
('DE01', 'Dell Vostro', 'DE', 2015, 650),
('DE02', 'Dell Inspiron', 'DE', 2015, 550),
('AS01', 'Asus TUF', 'AS', 2017, 520),
('AS02', 'Asus Vivobook', 'AS', 2017, 580),
('LE01', 'Lenovo Thinkpad', 'LE', 2019, 750),
('TO01', 'Toshiba Satellite', 'TO', 2014, 630),
('LE02', 'Lenovo Legion', 'LE', 2020, 540),
('LE03', 'Lenovo Yoga', 'LE', 2020, 600);

-- --------------------------------------------------------

--
-- Cấu trúc bảng cho bảng `hoadon`
--

CREATE TABLE `hoadon` (
  `mahd` varchar(3) NOT NULL COMMENT 'Mã hóa đơn',
  `makh` varchar(3) NOT NULL COMMENT 'Mã K.Hàng',
  `mahang` varchar(4) NOT NULL COMMENT 'Mã hàng',
  `soluong` int(11) NOT NULL COMMENT 'Số lượng',
  `thanhtien` int(11) NOT NULL COMMENT 'Thành tiền'
) ENGINE=InnoDB DEFAULT CHARSET=utf8 COLLATE=utf8_unicode_ci;

--
-- Đang đổ dữ liệu cho bảng `hoadon`
--

INSERT INTO `hoadon` (`mahd`, `makh`, `mahang`, `soluong`, `thanhtien`) VALUES
('001', 'K00', 'DE01', 2, 0),
('001', 'K00', 'DE02', 1, 0),
('002', 'K00', 'LE01', 5, 0),
('002', 'K00', 'LE02', 3, 0),
('003', 'K00', 'TO01', 1, 0),
('004', 'K00', 'DE01', 2, 0),
('005', 'K00', 'AS01', 4, 0),
('005', 'K00', 'LE01', 6, 0),
('005', 'K00', 'LE02', 8, 0),
('006', 'K00', 'AS01', 5, 0);

-- --------------------------------------------------------

--
-- Cấu trúc bảng cho bảng `khachhang`
--

CREATE TABLE `khachhang` (
  `makh` varchar(4) NOT NULL COMMENT 'Mã K.Hàng',
  `tenkh` varchar(30) NOT NULL COMMENT 'Tên K.Hàng',
  `namsinh` int(11) NOT NULL COMMENT 'Năm sinh',
  `dienthoai` varchar(10) NOT NULL COMMENT 'Số điện thoại',
  `diachi` varchar(50) NOT NULL COMMENT 'Địa chỉ'
) ENGINE=InnoDB DEFAULT CHARSET=utf8 COLLATE=utf8_unicode_ci;

--
-- Đang đổ dữ liệu cho bảng `khachhang`
--

INSERT INTO `khachhang` (`makh`, `tenkh`, `namsinh`, `dienthoai`, `diachi`) VALUES
('K001', 'Nguyễn Thị Lan', 1980, '0913123456', 'Bạc Liêu'),
('K002', 'Ngô Thanh Minh', 1985, '0913024357', 'Vĩnh Lợi'),
('K003', 'Lâm Văn Thanh', 1979, '0913123457', 'Giá Rai'),
('K004', 'Dương Thu Thủy', 1995, '0913024358', 'Hồng Dân'),
('K005', 'Nguyễn Thị Xuân', 1987, '0903223344', 'Phước Long'),
('K006', 'Huỳnh Mẫn Đạt', 1975, '0989122112', 'Bạc Liêu'),
('K007', 'Lâm Hoài Bảo', 1990, '0912131415', 'Bạc Liêu'),
('K008', 'Hồ Trung Tín', 2000, '0944119999', 'Phước Long'),
('K009', 'Trương Xuân Thi', 2001, '0909000111', 'Vĩnh Lợi');

-- --------------------------------------------------------

--
-- Cấu trúc bảng cho bảng `nhasanxuat`
--

CREATE TABLE `nhasanxuat` (
  `mansx` varchar(2) NOT NULL COMMENT 'Mã nhà SX',
  `tennsx` varchar(40) NOT NULL COMMENT 'Tên nhà SX',
  `quocgia` varchar(20) NOT NULL COMMENT 'Quốc gia'
) ENGINE=InnoDB DEFAULT CHARSET=utf8 COLLATE=utf8_unicode_ci;

--
-- Đang đổ dữ liệu cho bảng `nhasanxuat`
--

INSERT INTO `nhasanxuat` (`mansx`, `tennsx`, `quocgia`) VALUES
('DE', 'DELL', 'Hoa kỳ'),
('AS', 'ASUS', 'Đài Loan'),
('LE', 'LENOVO', 'Trung Quốc'),
('TO', 'TOSHIBA', 'Nhật bản');

-- --------------------------------------------------------

--
-- Cấu trúc bảng cho bảng `tonkho`
--

CREATE TABLE `tonkho` (
  `mahang` varchar(4) NOT NULL COMMENT 'Mã hàng',
  `tenhang` varchar(40) NOT NULL COMMENT 'Tên hàng',
  `mansx` varchar(2) NOT NULL COMMENT 'Mã nhà SX',
  `namsx` int(11) NOT NULL COMMENT 'Năm sản xuất',
  `gia` int(11) NOT NULL COMMENT 'Giá bán',
  `soluong` int(11) NOT NULL COMMENT 'Số lượng'
) ENGINE=InnoDB DEFAULT CHARSET=utf8 COLLATE=utf8_unicode_ci;

--
-- Đang đổ dữ liệu cho bảng `tonkho`
--

INSERT INTO `tonkho` (`mahang`, `tenhang`, `mansx`, `namsx`, `gia`, `soluong`) VALUES
('DE01', 'Dell Vostro', 'DE', 2015, 650, 20),
('DE02', 'Del Inspiron', 'DE', 2015, 550, 30);
COMMIT;

/*!40101 SET CHARACTER_SET_CLIENT=@OLD_CHARACTER_SET_CLIENT */;
/*!40101 SET CHARACTER_SET_RESULTS=@OLD_CHARACTER_SET_RESULTS */;
/*!40101 SET COLLATION_CONNECTION=@OLD_COLLATION_CONNECTION */;
